"Entry","Name","Size","CotyledonColor","TestaColor","TestaSubColor","TestaPattern","BlackTesta","area","perimeter","diameter","minor.axis","major.axis","SeedMass1000.2015","SeedMass1000.2016","SeedMass1000.2017","SeedMass1000.2018","Plumpness_2015","Plumpness_2016","Plumpness_2017","Plumpness_2018"
1,"CDC Asterix AGL","M","Yellow","Green","Green","Absent","Absent",0.153,1.38,0.44,0.423,0.466,24.8,25.5,23,29.5890410958904,56.3210935724245,57.8023310713856,52.2991561185448,67.1799621248774
2,"CDC Rosie AGL","M","Red","Grey","Grey","Absent","Absent",0.155,1.39,0.444,0.425,0.475,26.9,26.1,25.9,34.4420131291028,60.5771749570684,58.8603401310461,58.282530582583,77.5915189391553
3,"3156-11 AGL","M","Red","Grey","Grey","Absent","Absent",0.193,1.55,0.495,0.479,0.522,37.2,31.6,33.4,45.5729166666667,75.2280593317221,63.8900448390403,67.4684582854384,92.1078486413653
4,"CDC Greenstar AGL","XL","Yellow","Green","Green","Absent","Absent",0.353,2.11,0.671,0.65,0.697,61.8,54.6,64.3,71.6857142857143,92.1742273630941,81.351888667992,95.8898830506131,106.887247940926
5,"CDC Cherie AGL","M","Red","Grey","Grey","Absent","Absent",0.169,1.45,0.463,0.448,0.486,27,39,34.9,44.5675675675676,58.2359099633572,84.2130518234165,75.3089348487136,96.2351506977227
6,"CDC Glamis AGL","XL","Yellow","Green","Green","Absent","Absent",0.327,2.03,0.645,0.625,0.673,52,54.7,53.9,68.0357142857143,80.6117347778214,84.7623966942149,83.4734424210851,105.427243211334
7,"CDC Gold AGL","XL","Yellow","Green","Green","Absent","Absent",0.32,2,0.638,0.62,0.662,26.6,54.9,53.7,52.9856850715746,41.733903043251,86.1127693730532,84.1413518113108,83.0930764321609
8,"CDC Imax AGL","L","Red","Grey","Grey","Absent","Absent",0.239,1.73,0.551,0.542,0.567,39.9,36.1,38.8,50.6131386861314,72.4608456005915,65.6079854809437,70.4288252677188,91.8568760183873
9,"CDC Impower AGL","XL","Yellow","Green","Green","Absent","Absent",0.289,1.9,0.606,0.588,0.63,52.7,47.8,59.4,70.4901960784314,87.0406189555125,78.9631167355826,98.0322785690793,116.363126321695
10,"CDC KR-1 AGL","L","Red","Brown","Brown","Absent","Absent",0.236,1.72,0.548,0.521,0.584,48.9,42.5,35.9,59.6989966555184,89.165439679208,77.471798274718,65.5062698858319,108.939774918829
11,"CDC LeMay AGL",NA,"Yellow","Green","Green","Marbled","Pattern",0.204,1.6,0.51,NA,NA,26.8,33.1,32,38.7656033287101,NA,NA,NA,NA
12,"CDC Maxim AGL","M","Red","Grey","Grey","Absent","Absent",0.154,1.38,0.441,0.426,0.468,33.5,41.6,41,48.0257510729614,75.855540759518,94.1939546599497,92.9956188926678,108.874498654069
13,"CDC QG-1 AGL",NA,"Green","Dark Green","Dark Green","Absent","Absent",0.264,1.82,0.58,NA,NA,36,39,44.7,49.0430622009569,NA,NA,NA,NA
14,"CDC Red Rider AGL","M","Red","Grey","Grey","Absent","Absent",0.173,1.47,0.469,0.452,0.496,39.4,36.5,36.4,49.358372456964,84.0335341100055,77.7808753833287,77.5488818500083,105.266671116748
15,"CDC Redcoat AGL","M","Red","Grey","Grey","Absent","Absent",0.17,1.46,0.465,0.442,0.496,37.1,35.6,32.9,47.0728793309438,79.7496567944675,76.7033229739421,70.762170708486,101.280400186109
16,"CDC Redwing AGL","M","Red","Green","Green_P","Absent","Absent",0.175,1.48,0.472,0.457,0.495,24.9,30.9,28.7,42.0886981402003,52.7473254295021,65.4369193483236,60.8684417939022,89.255014906174
17,"CDC Robin AGL","S","Red","Brown","Brown","Mottle1","Mottle",0.122,1.23,0.393,0.371,0.427,26.8,25.2,24.1,31.5963855421687,68.2532248307085,64.176570458404,61.3799915337942,80.4661771022971
18,"CDC Rosebud AGL","M","Red","Tan","Tan","Mottle1","Mottle",0.133,1.29,0.411,0.39,0.45,27.1,25.3,23.2,32.6666666666667,65.8327603533083,61.5144069689524,56.4708285111308,79.4594594594595
19,"CDC Rosetown AGL","M","Red","Brown","Brown","Absent","Absent",0.133,1.29,0.411,0.396,0.439,27,32.5,25.1,34.9886363636364,65.5693852181713,79.1329011345219,60.9848263352947,85.0615146603802
20,"CDC Rouleau AGL","M","Red","Grey","Grey","Mottle0","Mottle",0.17,1.46,0.465,0.442,0.501,33.7,33.2,32.6,41.6684723726977,72.5864192620106,71.4490674318508,70.2151541987773,89.6739003716593
21,"CDC Royale AGL","L","Green","Dark Green","Dark Green","Marbled","Pattern",0.237,1.72,0.549,0.514,0.592,32,34.7,35,45.5710659898477,58.3093739984921,63.2302084306944,63.858512218172,83.0578359474745
22,"CDC Ruby AGL","M","Red","Grey","Grey","Absent","Absent",0.129,1.27,0.404,0.382,0.437,26.9,27.8,25.4,32.7024185068349,66.5720019073144,68.6692328842453,62.9318803219589,80.9243240477081
23,"CDC SB-1 AGL","S","Yellow","Grey","Grey_Y","Dotted","Pattern",0.124,1.25,0.397,0.379,0.434,30.8,30.5,31,37.35,77.565133333953,76.7954782822387,78.0975801926773,94.080604534005
24,"CDC Sedley AGL","XL","Yellow","Green","Green","Absent","Absent",0.315,1.99,0.634,0.617,0.657,70.7,55.1,66.5,61.4509803921569,111.53607321829,86.9542346133613,104.984887525745,96.9768233437509
25,"CDC Vantage AGL","L","Yellow","Green","Green","Absent","Absent",0.223,1.67,0.533,0.515,0.559,40.4,40.9,39.9,51.8292682926829,75.9297916458653,76.8596884719761,74.9227327231053,97.3015049299429
26,"CN 105604 AGL",NA,"Red","Black","Black","Dotted","Present",0.145,1.35,0.43,NA,NA,20.7,24.2,20.2,24.6412213740458,NA,NA,NA,NA
27,"CN 105605 AGL","M","Red/Yellow","Grey","Grey","Mottle0","Mottle",0.128,1.26,0.403,0.376,0.456,27,26.8,26.3,29.9409282700422,67.0434702692767,66.3771712158809,65.2997257411519,74.2951073698317
28,"CN 105715 AGL","L","Red/Yellow","Green","Green_P","Mottle1","Mottle",0.232,1.7,0.543,0.521,0.574,40.4,46,40,51.5051546391753,74.3826108789612,84.7665847665847,73.6631445459968,94.9112186225588
29,"CN 105732 AGL","M","Yellow","Green","Green","Mottle1","Mottle",0.194,1.56,0.496,0.483,0.52,42.7,36.2,42.8,48.7692307692308,86.0185378795639,72.9037696583336,86.156578795091,98.2810293155121
30,"CN 105767 AGL","M","Red/Yellow","Grey","Grey","Mottle0","Mottle",0.132,1.29,0.41,0.389,0.444,29.1,26.9,26.1,31.4285714285714,71.0993852689729,65.6453362255965,63.6934951241564,76.6966222497675
31,"CN 105777 AGL","S","Red","Brown","Brown","Absent","Absent",0.118,1.21,0.387,0.37,0.421,23.4,25.7,25.3,29.9417249417249,60.5869817900038,66.4655172413792,65.5511179260421,77.4354955389438
32,"CN 105789 AGL","M","Red","Brown","Brown","Dotted;Spotted","Pattern",0.13,1.27,0.405,0.387,0.439,28.6,29.9,29.8,30.0630914826498,70.4694045335318,73.7612851678446,73.4085282665443,74.1484854326799
33,"CN 105791 AGL","M","Red","Grey","Grey","Absent","Absent",0.15,1.37,0.438,0.42,0.478,28.8,29.1,23.1,26.2178919397697,65.7165621029299,66.5058405281868,52.765332220201,59.9190013859642
34,"CN 105862 AGL","XL","Yellow","Green","Green","Mottle1","Mottle",0.313,1.98,0.631,0.602,0.672,44,38.8,41.6,61.8466353677621,69.7783388696387,61.4104595879556,65.9320745062645,98.0136852103996
35,"CN 105863 AGL","XL","Yellow","Green","Green","Mottle1","Mottle",0.357,2.12,0.674,0.646,0.711,55.7,66.6,64.1,70.8151093439364,82.6438673003233,98.8675510909039,95.1780167165919,105.118915404161
36,"CN 105864 AGL","M","Yellow","Grey","Grey_Y","Mottle0","Mottle",0.154,1.39,0.442,0.415,0.493,35.4,35.8,31.3,49.3836477987421,80.0477147162231,80.8117661552459,70.7125179013383,111.615477194545
37,"CN 105865 AGL","L","Yellow","Green","Green","Mottle1","Mottle",0.269,1.83,0.584,0.563,0.612,66.7,70.8,54.7,66.7554479418886,114.213338688752,121.180017928449,93.6949098194098,114.242067213728
38,"CN 105895 AGL","S","Red","Brown","Brown","Dotted;Spotted","Pattern",0.123,1.24,0.396,0.376,0.43,26.2,32.2,34.1,33.8837516512549,66.2193447386052,81.5080033698399,86.2262601962269,85.6371145356064
39,"CN 106265 AGL","M","Red/Yellow","Grey","Grey","Mottle1","Absent",0.151,1.38,0.438,0.422,0.472,27.8,35.1,32.3,40.272952853598,63.5244861710226,80.27150469424,73.7944500799891,91.9707119214367
40,"CN 108369 AGL","L","Yellow","Green","Green","Mottle1","Mottle",0.235,1.72,0.547,0.526,0.574,52.1,50.6,56.2,68.6832061068702,95.3357781893445,92.5730783649245,102.814854372172,125.665552950159
41,"CN 108370 AGL","S","Yellow","Green","Green","Mottle1","Mottle",0.112,1.19,0.377,0.363,0.403,21.2,19.8,22,26.1040235525025,56.1729973892104,52.4580512216662,58.243673128287,69.1599093236745
42,"Crimson AGL","M","Red","Brown","Brown","Mottle1","Mottle",0.153,1.38,0.441,0.415,0.484,29.1,34.2,32.4,40.5511811023622,66.0740364203022,77.5054486595754,73.558161243561,91.9991504717065
43,"DPL 62 AGL","L","Red","Grey","Grey_Y","Dotted;Marbled","Pattern",0.2,1.58,0.504,0.475,0.541,39.2,42.3,39.7,44.3809523809524,77.9048879644511,83.999389095352,78.9151539020597,88.1157227947432
44,"Eston AGL","M","Yellow","Green","Green","Mottle1","Mottle",0.163,1.43,0.455,0.432,0.487,28.5,31,33.1,37.6361031518625,62.6181229101331,68.1569978101487,72.7066852504378,82.7369145986229
45,"Gudo AGL","M","Yellow","Green","Green","Absent","Absent",0.187,1.53,0.488,0.469,0.518,37.2,34.1,40.3,49.0672782874618,76.2453275068792,69.9954452288772,82.5060951854682,100.570599997075
46,"IG 1046 AGL","M","Yellow","Green","Green","Absent","Mottle",0.146,1.35,0.431,0.414,0.461,22.7,29.5,29.4,36.6314398943197,52.5913792468804,68.3047949216463,68.2340340113409,84.947941007183
47,"IG 1706 AGL","S","Red","Grey","Grey_R","Absent","Mottle",0.107,1.16,0.368,0.35,0.413,20.6,22.2,19.5,24.6751863684771,55.9814517033769,60.2571569374132,53.0426241123332,66.9914562040103
48,"IG 1959 AGL","M","Yellow","Tan","Tan","Dotted","Pattern",0.139,1.32,0.42,0.395,0.467,36.1,31.2,31.5,36.7527675276753,85.8415575598673,74.1849440736845,75.042699560751,87.4834455829351
49,"IG 4258 AGL","S","Red","Grey","Grey","Dotted;Marbled","Pattern",0.098,1.11,0.354,0.331,0.391,23.2,24.4,20.1,24.7834274952919,65.5909858171164,68.8478700556725,56.7441800840939,70.053658121114
50,"IG 4781 AGL","L","Yellow","Green","Green","Absent","Absent",0.207,1.61,0.513,0.495,0.543,37,31.9,42,47.879746835443,71.9744611474586,62.1294092187839,81.7847693907896,93.2520496686838
51,"IG 858 AGL","S","Yellow","Grey","Grey_Y","Mottle2","Mottle",0.113,1.19,0.379,0.35,0.426,30.8,28.8,26.4,31.2085561497326,81.173366444203,76.1213720316623,69.7585677290918,82.3444753291098
52,"ILL 10657 AGL","L","Red","Grey","Grey","Absent","Absent",0.202,1.59,0.508,0.49,0.533,40,43.1,43.4,48.5263157894737,78.8901861581371,84.916812609457,85.4211708058868,95.6078901281223
53,"ILL 10748 AGL","XL","Yellow","Green","Green","Absent","Absent",0.287,1.9,0.604,0.579,0.639,54.1,52.8,55.2,64.123006833713,89.5363747813326,87.3505059797608,91.423814900014,106.18345197855
54,"ILL 11547 AGL","M","Red/Yellow","Brown","Brown","Mottle2","Mottle",0.151,1.38,0.438,0.407,0.491,32.8,35.2,35.8,38.2954545454545,74.7527263504946,80.3449150393102,81.7975858587097,87.4103705069975
55,"ILL 11548 AGL","M","Yellow","Olive","Olive","Mottle2","Mottle",0.144,1.34,0.428,0.403,0.468,32.4,28,27.2,30.7254361799816,75.6847932631136,65.2867895146639,63.5712742695248,71.7697704697209
56,"ILL 11553 AGL","M","Red","Grey","Grey_Y","Dotted;Marbled","Pattern",0.148,1.36,0.434,0.405,0.478,36.9,32.5,31.1,35.1836734693877,84.948562850457,74.9039692701664,71.601108280935,81.089132195772
57,"ILL 11555 AGL","M","Red/Yellow","Green","Green","Mottle1","Mottle",0.166,1.44,0.46,0.435,0.501,43.7,41.1,41.5,42.0833333333333,95.076947868826,89.5213923132704,90.1844864246997,91.5518491660623
58,"ILL 11557 AGL","L","Yellow","Grey","Grey_Y","Dotted;Marbled","Pattern",0.213,1.63,0.52,0.493,0.558,NA,42,45.3,45.359477124183,NA,80.7033577807508,87.0462053559491,87.1552720148692
59,"ILL 11558 AGL","M","Red","Grey","Grey_Y","Dotted;Marbled","Pattern",0.183,1.51,0.482,0.446,0.533,34,31.2,34.8,38.0271084337349,70.4806626611445,64.7819922013471,72.1658986175116,78.8580589639665
60,"ILL 1220 AGL","M","Yellow","Grey","Grey_Y","Absent","Absent",0.19,1.54,0.491,0.477,0.517,42.2,36.2,41.7,50,85.8816793593776,73.6059332639539,84.8813361696517,101.763907734057
61,"ILL 1553 AGL","L","Yellow","Green","Green","Absent","Absent",0.202,1.59,0.505,0.485,0.543,44,43.1,42.3,47.5667189952904,87.0754790828746,85.4079612931604,83.6521216589177,94.1500925791982
62,"ILL 1762 AGL","S","Red","Brown","Grey_R","Dotted","Pattern",0.096,1.1,0.35,0.331,0.395,23.8,22.1,21.6,27.1414242728185,67.9197116482218,63.1829733163913,61.8370144054366,77.5961939184771
63,"ILL 1983 AGL","S","Red","Brown","Brown","Dotted;Marbled","Pattern",0.091,1.07,0.34,0.308,0.402,24.5,27.9,22.7,28.1417830290011,72.0408387690491,82.2087085576294,66.7023245591969,82.8240834731882
64,"ILL 213 AGL","S","Red","Grey","Grey","Absent","Absent",0.103,1.13,0.361,0.339,0.406,24.2,23.2,21.5,25.8401880141011,67.0068274315286,64.2263918794218,59.5162338217691,71.5354328289479
65,"ILL 2194 AGL","M","Yellow","Green","Green","Absent","Absent",0.185,1.52,0.486,0.462,0.523,33.2,41.7,40.7,49.5067264573991,68.3386902019671,85.9643102264927,83.7908945321436,101.935606981604
66,"PI 431893 LSP AGL","M","Red","Grey","Grey","Mottle1","Mottle",0.139,1.32,0.421,0.406,0.449,22,31.6,29.3,31.7614879649891,52.3472077383542,75.1188589540411,69.5721077654516,75.502744766218
67,"ILL 2507 AGL","S","Red","Grey","Grey","Dotted;Marbled","Pattern",0.102,1.13,0.36,0.34,0.398,25.7,24.7,24.3,27.9203109815355,71.3774683917037,68.6042852204779,67.3738764682978,77.4607887897101
68,"ILL 2580 AGL","M","Red","Brown","Brown","Dotted;Marbled","Pattern",0.129,1.27,0.405,0.392,0.433,30.4,30,28.6,33.85,75.1085907335908,74.1365131578948,70.6095427741596,83.5115131578948
69,"ILL 28 AGL","XL","Yellow","Green","Green","Mottle1","Mottle",0.288,1.9,0.606,0.575,0.65,61.4,66.3,68.6,77.9752066115703,101.298734731179,109.528613352898,113.265246495562,128.719159850354
70,"ILL 3025 AGL","S","Red","Grey","Grey","Dotted;Marbled","Pattern",0.093,1.08,0.344,0.308,0.406,24.6,25.4,23.5,25.0344827586207,71.5725326519925,73.9109390125848,68.2858224200128,72.7042093667591
71,"ILL 313 AGL","M","Yellow","Green","Green","Mottle1","Mottle",0.148,1.36,0.434,0.419,0.464,33.9,31.8,30.7,36.576297443842,77.9653089454358,73.1969309462916,70.6210753629824,84.1909659832681
72,"ILL 3347 AGL","M","Red","Grey","Grey","Dotted;Marbled","Pattern",0.169,1.46,0.464,0.443,0.498,24.6,26,22.4,27.4806800618238,52.9599671218547,55.9942569992822,48.1838591344151,59.1830869960312
73,"ILL 358 AGL","M","Red","Green","Green_P","Absent","Absent",0.176,1.49,0.473,0.456,0.501,33,37.8,37.8,44.9122807017544,69.6448403923582,79.877905611646,79.9809005546337,94.9073788015472
74,"ILL 3597 AGL","S","Red","Grey","Grey","Dotted;Marbled","Pattern",0.094,1.08,0.345,0.322,0.39,24.5,24.7,21.6,24.9888143176734,70.9687801738011,71.5481171548118,62.5590498042921,72.3847212291794
75,"ILL 4164 AGL","M","Red","Brown","Brown","Dotted","Pattern",0.136,1.31,0.417,0.392,0.461,32.7,38.4,36.8,43.9102564102564,78.4107921294329,91.9909381663113,88.260029711601,105.3284402165
76,"ILL 4400 AGL","L","Yellow","Green","Green","Absent","Absent",0.269,1.84,0.586,0.572,0.605,47.9,58.9,55.9,65.0335570469799,81.8439023281711,100.588235294118,95.4524977568403,111.063000649491
77,"ILL 4605 AGL","L","Yellow","Green","Green","Absent","Absent",0.236,1.72,0.548,0.522,0.585,48.5,53.1,48.2,58.44,88.4709495550834,96.7888978930309,87.8473155947701,106.555915721232
78,"ILL 4609 AGL","S","Red","Grey","Grey","Dotted","Pattern",0.118,1.22,0.387,0.362,0.429,21.5,21.2,21.4,27.1926427879961,55.6042233390198,54.7489239598279,55.3072208722768,70.2249024654133
79,"ILL 4665 AGL","XL","Yellow","Green","Green","Mottle1","Mottle",0.318,2,0.636,0.613,0.672,60.2,53.5,55.3,64.582560296846,94.7565445706709,84.1783216783216,87.0399193283205,101.615916550981
80,"ILL 4671 AGL","L","Yellow","Green","Green","Absent","Absent",0.206,1.6,0.511,0.49,0.54,60.4,54.4,56.7,69.8387096774194,118.226093609758,106.457925636008,110.965915972386,136.670664730762
81,"ILL 4768 AGL","S","Red","Brown","Brown","Dotted;Spotted","Pattern",0.123,1.24,0.395,0.357,0.46,29.2,34,29.9,35.6379310344828,74.0365660810605,86.2996339059419,75.6598773019051,90.3242408646422
82,"ILL 4782 AGL","M","Red","Brown","Brown","Dotted;Spotted","Pattern",0.127,1.26,0.402,0.378,0.441,30,38.4,33.3,36.7431693989071,74.6125637652104,95.60381713391,82.9097431754607,91.5020820670071
83,"ILL 4783 AGL","XL","Yellow","Green","Green","Mottle1","Mottle",0.313,1.98,0.631,0.615,0.652,54,55.6,54.8,62.3731884057971,85.6175349835089,88.0677669052139,86.8924990764525,98.8655680965435
84,"ILL 4804 AGL","M","Red","Brown","Brown","Absent","Absent",0.142,1.33,0.424,0.391,0.477,23.2,29.2,28.4,34.5845845845846,54.7250012959412,68.7494635653593,66.9057880882822,81.4820055657753
85,"ILL 4875 AGL","S","Red","Grey","Grey","Marbled","Pattern",0.12,1.23,0.39,0.358,0.439,23,22.1,19.9,27.2653429602888,59.0104645651325,56.7490911263123,50.9420851394904,69.8912237660494
86,"ILL 4956 AGL","L","Yellow","Green","Green","Mottle1","Mottle",0.201,1.59,0.506,0.49,0.532,28.9,30.4,36.4,41.9642857142857,57.1710897797854,60.0790513833992,71.8451749734889,82.9333709768492
87,"ILL 5058 AGL","XL","Yellow","Green","Green","Mottle2","Mottle",0.286,1.89,0.603,0.586,0.627,56.8,69.7,55.4,76.2035225048924,94.1991618100849,115.607213114754,91.8588478239956,126.327445670295
88,"ILL 5151 AGL","M","Red","Brown","Brown","Spotted","Pattern",0.126,1.26,0.401,0.383,0.44,23.9,32.5,33.2,42.1084337349398,59.7118315322804,81.0473815461347,82.7343406190406,105.008562930024
89,"ILL 5209 AGL","M","Yellow","Green","Green","Absent","Absent",0.157,1.4,0.447,0.423,0.487,31,39.4,37.6,46.0863309352518,69.3590869183494,88.2089552238805,84.0743093045411,103.178352840116
90,"ILL 5480 AGL","L","Yellow","Green","Green","Mottle0","Mottle",0.237,1.73,0.55,0.521,0.587,35.4,34.5,38.8,48.9724770642202,64.3300587521705,62.7558115451757,70.5443428315485,89.1128777957908
91,"ILL 5639 AGL","M","Yellow","Green","Green","Mottle1","Mottle",0.153,1.39,0.442,0.418,0.482,28,32.6,30.9,36.9723018147087,63.3152596006921,73.905935613682,69.9017895921786,83.6898179910408
92,"ILL 5722 AGL","L","Red","Grey","Grey","Absent","Absent",0.238,1.73,0.55,0.529,0.579,41.2,47.1,46.6,59.0322580645161,74.9377055988458,85.7966033158107,84.7325799696585,107.41818086952
93,"ILL 5883 AGL","L","Red","Green","Green_P","Absent","Absent",0.2,1.58,0.504,0.479,0.545,35.9,38.6,49.9,51.9575856443719,71.1480891100658,76.5212815790656,98.989804100503,103.022311257843
94,"ILL 5888 AGL","M","Red","Green","Green_P","Dotted;Marbled","Pattern",0.152,1.38,0.44,0.428,0.462,NA,31.2,32.3,38.4,NA,71.0765731614859,73.4155276948839,87.3388931008339
95,"ILL 5945 AGL","M","Red","Brown","Brown","Dotted;Spotted","Pattern",0.139,1.32,0.42,0.396,0.457,29.9,28.1,30.2,31.7535545023697,71.3319038544794,67.0770452740269,72.0730026321694,75.6637517927791
96,"ILL 6002 AGL","L","Yellow","Green","Green","Absent","Absent",0.232,1.7,0.543,0.527,0.564,42.3,44.5,46.5,61.5161839863714,77.9278783931245,81.985670419652,85.613120919914,113.335855860254
97,"ILL 618 AGL","S","Red","Tan","Tan","Dotted","Pattern",0.109,1.17,0.372,0.357,0.407,21.4,26.1,25.4,28.3881856540084,57.5958148028318,70.0932515554194,68.3699490541184,76.357941089682
98,"ILL 6182 AGL","S","Red","Grey","Grey","Mottle1","Mottle",0.107,1.16,0.368,0.349,0.405,21.2,28.7,22.5,27.9676511954993,57.4566804409553,77.8329203490127,61.0129557289759,75.9761125141847
99,"ILL 6211 AGL","L","Yellow","Green","Green","Absent","Absent",0.238,1.73,0.55,0.535,0.575,46.7,43.8,45.7,59.7745571658615,84.8915796274665,79.5588979794191,83.0596851602709,108.659061703243
100,"ILL 624 AGL","M","Yellow","Grey","Grey_Y","Mottle1","Mottle",0.13,1.28,0.407,0.389,0.439,25.4,27.2,23.9,30.4597701149425,62.4872464596172,66.9350436681223,58.8270668344312,74.8193043216383
101,"ILL 6821 AGL","M","Red","Tan","Tan","Absent","Absent",0.126,1.26,0.401,0.379,0.443,28.2,32.3,30.8,40.0244498777506,70.2774116201531,80.6063122923589,76.7572511105305,99.728695708681
102,"ILL 6853 AGL","XL","Yellow","Green","Green","Mottle1","Mottle",0.3,1.94,0.618,0.6,0.644,NA,57,66.6,74.744094488189,NA,92.2451335985642,107.796664551295,121.010406618762
103,"ILL 7089 AGL","L","Yellow","Green","Green","Absent","Absent",0.209,1.62,0.515,0.496,0.55,40.5,36.7,40.8,51.8493150684932,78.5591940274777,71.2775691793141,79.1403754257201,100.613159900051
104,"ILL 7558 AGL","XL","Yellow","Green","Green","Mottle1","Mottle",0.311,1.97,0.628,0.611,0.652,49.7,57.3,60.4,63.314447592068,79.0694771010633,91.2013041940297,96.0988005632121,100.783521105167
105,"ILL 7663 AGL","M","Red","Green","Green_P","Mottle1","Absent",0.172,1.47,0.467,0.45,0.505,39.8,36.8,35.8,40.1944444444444,85.2769679300291,78.8118131868131,76.7947788252356,86.1309523809523
106,"ILL 7668 AGL","S","Red","Grey","Grey","Dotted;Marbled","Pattern",0.122,1.23,0.393,0.363,0.442,31.3,31,27.4,34.7749196141479,79.6048024434076,78.9458295159939,69.7215422911014,88.4607904260405
107,"ILL 7716 AGL","L","Yellow","Green","Green","Absent","Absent",0.247,1.76,0.561,0.542,0.591,52.5,51.3,50.3,57.8590425531915,93.5643564356436,91.3582620397962,89.6156914269626,103.115125342321
108,"ILL 7747 AGL","M","Yellow","Grey","Grey_Y","Mottle0","Mottle",0.128,1.26,0.402,0.383,0.432,26,24.4,28.8,34.6938775510204,64.550833781603,60.7090031370382,71.6100100873236,86.2793307430737
109,"ILL 7946 AGL","M","Red","Green","Green_P","Absent","Absent",0.177,1.49,0.474,0.455,0.503,33,45.9,44.8,41.3141025641026,69.5840420596876,96.7980295566502,94.5328713519231,87.2218914090835
110,"ILL 7978 AGL","M","Red","Grey","Grey","Absent","Absent",0.165,1.44,0.458,0.431,0.504,49.5,43.7,39.9,48.0724637681159,108.154767949629,95.4343235541341,87.0427759778372,104.961711284096
111,"ILL 7979 AGL","S","Red","Grey","Grey","Dotted","Pattern",0.117,1.21,0.385,0.367,0.418,26.6,30,25,28.5913312693498,69.0149081067844,78.069483922544,64.8788433235788,74.2846366697888
112,"ILL 8007 AGL","S","Red","Green","Green","Dotted","Pattern",0.081,1.01,0.321,0.308,0.348,23.3,27.3,28.8,33.2805429864253,72.7845755988344,85.1351351351351,89.7271437369636,103.785477088644
113,"ILL 8009 AGL","S","Red","Grey","Grey","Dotted;Marbled","Pattern",0.093,1.08,0.343,0.317,0.392,23.4,23.5,20.7,23.5555555555556,68.1714257124606,68.6524024201598,60.3085075597446,68.697342838626
114,"ILL 8010 AGL","S","Red","Grey","Grey","Dotted;Marbled","Pattern",0.108,1.16,0.37,0.349,0.407,25.3,23.9,23.2,26.6146341463415,68.3311082262704,64.5752026418493,62.573827789113,71.9098490894846
115,"ILL 8072 AGL","XL","Yellow","Dark Green","Dark Green","Dotted","Pattern",0.306,1.96,0.624,0.601,0.654,56.1,62.7,64.9,75.3389830508475,89.8469809760132,100.411866716215,103.999593678493,120.735549760973
116,"ILL 8174 AGL","L","Yellow","Green","Green","Absent","Absent",0.237,1.72,0.549,0.53,0.58,55.4,44.6,60.7,69.820788530466,100.765598294363,81.1893203883496,110.562272749573,127.10094999478
117,"ILL 8595 AGL","L","Red","Green","Green_P","Absent","Absent",0.271,1.84,0.587,0.561,0.62,45.1,42.9,44.4,55.4516640253566,76.7374010307085,73.0284543794808,75.6218392915534,94.4483300961789
118,"ILL 9 AGL","L","Yellow","Green","Green","Absent","Absent",0.207,1.61,0.512,0.482,0.558,43,48.3,49.5,57.8125,83.9559577760101,94.2745608327912,96.557512357013,112.841574495771
119,"ILL 975 AGL","M","Yellow","Green","Green","Absent","Absent",0.166,1.44,0.46,0.441,0.488,30,31.6,35.1,40.1072386058981,65.3316107595925,68.7288545190913,76.3285098205086,87.23179010466
120,"ILL 9888 AGL","M","Red","Green","Green_P","Absent","Absent",0.147,1.36,0.432,0.416,0.457,25.1,24.8,28.3,30.762331838565,58.0102383350117,57.490001738828,65.3975653975654,71.2091014781598
121,"ILL 9932 AGL","S","Red","Brown","Brown","Dotted;Marbled","Pattern",0.119,1.22,0.388,0.368,0.424,26.7,29.6,28.2,30.5535714285714,68.7864264123846,76.1389897655993,72.620094110347,78.6787247087677
122,"ILL 9945 AGL","S","Red","Brown","Brown","Absent","Absent",0.118,1.21,0.386,0.37,0.414,32.7,33.8,32.7,37.693522906793,84.6411208113337,87.3980989750703,84.7187678326067,97.5393059692748
123,"ILL 9977 AGL","S","Red","Brown","Brown","Dotted;Marbled","Pattern",0.119,1.22,0.388,0.364,0.427,29,27.3,28.9,34.9267399267399,74.6896696823059,70.281124497992,74.4643218111987,90.017370945206
124,"ILL 9997 AGL","M","Red","Dark Green","Dark Green","Dotted;Marbled","Pattern",0.168,1.45,0.463,0.444,0.487,40.4,27.8,32.7,39.4332723948812,87.1785503379656,60.0576092174748,70.5561888948943,85.1894986927341
125,"ILWL 118 AGL",NA,"Red","Green","Green_P","Mottle0","Mottle",0.126,1.26,0.4,NA,NA,31.8,27.7,25.6,31.6862416107383,NA,NA,NA,NA
126,"Indianhead AGL","S","Yellow","Black","Black","Marbled","Present",0.109,1.17,0.373,0.356,0.406,16.9,18.8,16.9,23.7138508371385,45.2785224903187,50.402144772118,45.3269147845349,63.5760076062695
127,"IPL 220 AGL","S","Red","Grey","Grey","Dotted;Marbled","Pattern",0.115,1.2,0.382,0.364,0.417,29,29.6,26.7,27.8492239467849,75.8829136659681,77.2885789014822,69.8039176739406,72.8401672540147
128,"Laird AGL","XL","Yellow","Green","Green","Absent","Absent",0.314,1.99,0.632,0.615,0.656,58.9,44,56.6,64.4373401534527,93.1890674838952,69.583552978387,89.531285612212,101.90406982623
129,"LIRL-22-46 AGL","M","Red","Green","Green","Absent","Absent",0.167,1.45,0.461,0.442,0.498,34.2,38.8,33,39.5671981776765,74.2942605222203,84.2460796139927,71.7167244354185,85.9118898912156
130,"PI 163589 AGL","L","Yellow","Green","Green","Absent","Absent",0.246,1.76,0.56,0.533,0.594,48.6,41.3,47.4,57.5637393767705,86.7050112389264,73.8099960333201,84.6713691944191,102.751617292926
131,"PI 169534 LSP AGL","S","Yellow","Grey","Grey_Y","Mottle1","Mottle",0.104,1.14,0.363,0.344,0.397,20.9,24.8,21.2,28.698347107438,57.5146964589195,68.2653999387066,58.4248049060081,79.1557229442053
132,"PI 175754 LSP AGL","L","Red","Grey","Grey_Y","Dotted","Pattern",0.2,1.58,0.504,0.474,0.547,38.6,40,32.7,45.347137637028,76.618091044692,79.3475865109103,64.9235970071526,89.9546481669059
133,"PI 177430 LSP AGL","M","Red","Brown","Brown","Mottle1","Mottle",0.128,1.26,0.403,0.383,0.436,31.1,32.5,27.9,39.4534412955466,77.1814092953523,80.8067664281067,69.1549504217848,97.9533714923914
134,"PI 178939 LSP AGL","M","Yellow","Green","Green","Mottle1","Mottle",0.127,1.26,0.402,0.387,0.428,25.9,27.2,24.3,28.4911986588433,64.5630767325199,67.8423236514522,60.5427502320481,70.9324447938006
135,"PI 178952 AGL","S","Red","Grey","Grey_Y","Absent","Mottle",0.124,1.25,0.397,0.376,0.433,28.3,28.2,27.1,34.4991511035654,71.2947228454229,71.1387800783436,68.1643787238849,86.8753105573834
136,"PI 178971 LSP AGL","S","Red","Green","Green_P","Dotted","Pattern",0.116,1.21,0.384,0.362,0.422,21.1,25.2,23.5,27.7964323189927,55.0404456654457,65.7552083333333,61.2055184876286,72.3865424973767
137,"PI 179324 LSP AGL","M","Red","Green","Green_P","Dotted","Pattern",0.14,1.32,0.421,0.402,0.455,32.1,29.8,33.6,40.2091254752852,76.2027150805912,70.7651715039578,79.8280108498261,95.483411418883
138,"PI 179330 AGL","M","Yellow","Green","Green","Absent","Absent",0.155,1.39,0.444,0.421,0.485,46.1,33,41.8,46.151832460733,103.894415663715,74.3615423134702,94.2850740198695,103.997619465848
139,"PI 181771 LSP AGL","S","Red","Green","Green","Dotted","Pattern",0.087,1.04,0.333,0.316,0.369,22.2,26,23.7,27.6248904469763,66.8577590124112,78.0671272132293,71.3197788290772,83.0511550454005
140,"PI 181886 LSP AGL","XL","Yellow","Green","Green","Mottle1","Mottle",0.309,1.97,0.627,0.603,0.659,56.3,50.4,62.3,74.0939597315436,89.7795631636319,80.3951367781155,99.3534320727764,118.235042124804
141,"PI 182217 LSP AGL","S","Red","Brown","Brown","Absent","Absent",0.114,1.2,0.382,0.369,0.413,28.6,28,23.6,30.8467741935484,74.8858585438987,73.1771011792422,61.845020592485,80.7272369124558
142,"PI 193546 AGL","M","Red","Grey","Grey","Dotted","Pattern",0.13,1.28,0.406,0.392,0.447,25.8,33.9,36.7,43.6543209876543,63.5754183585492,83.3287746170679,90.3558285259599,107.464138098711
143,"PI 193547 LSP AGL","S","Red","Grey","Grey_R","Mottle1","Mottle",0.101,1.12,0.357,0.333,0.402,23.6,22.7,21,26.5604249667995,66.2410887101622,63.4920634920635,58.8140125812499,74.3989494868333
144,"PI 193548 LSP AGL","M","Red","Brown","Brown","Dotted;Spotted","Pattern",0.129,1.27,0.405,0.38,0.445,28.6,27.5,27.5,31.2719891745602,70.6342478147196,67.7591881513988,67.9752709374213,77.1936101401651
145,"PI 193550 AGL","M","Red","Brown","Brown","Dotted;Spotted","Pattern",0.132,1.28,0.409,0.392,0.437,26.5,26.7,27.9,27.7663772691397,64.7216417017281,65.2634437805541,68.0828291836051,67.8700150522155
146,"PI 207492 LSP AGL","S","Red","Green","Green_P","Dotted","Pattern",0.118,1.22,0.387,0.367,0.426,20.2,25.9,22.9,27.6917057902973,52.2159228783835,66.8084008760393,59.1458804542943,71.4727135396261
147,"PI 518731 LSP AGL","M","Red","Brown","Brown","Mottle1","Mottle",0.151,1.38,0.438,0.421,0.468,NA,28.3,32,34.0133460438513,NA,64.5673108706671,72.9957819419138,77.5773224517643
148,"PI 209858 LSP AGL","XL","Yellow","Green","Green","Absent","Absent",0.317,1.99,0.635,0.603,0.675,28.9,34.2,22.2,38.6089238845144,45.446478616088,53.8689435018366,34.8736564154167,60.7801845304583
149,"PI 211052 LSP AGL","S","Red","Brown","Brown","Marbled","Pattern",0.123,1.24,0.395,0.373,0.434,21.9,23.8,21.1,25.2452583387835,55.399419924905,60.1650181929995,53.5286540119875,63.9120464273
150,"PI 212100 LSP AGL","M","Red","Grey","Grey","Dotted","Pattern",0.138,1.31,0.419,0.402,0.447,20.3,27.4,24.5,27.5443383356071,48.4140770764974,65.5298371849703,58.5817517540172,65.7906170436475
151,"PI 212610 LSP AGL","S","Red","Green","Green_P","Marbled","Pattern",0.121,1.23,0.393,0.369,0.432,20.1,22.8,19.9,27.28,51.2121127779788,58.1217955797485,50.5539981123131,69.4736842105263
152,"PI 217949 LSP AGL","S","Red","Grey","Grey_Y","Marbled","Pattern",0.092,1.07,0.342,0.324,0.377,18.7,22.3,20.9,23.0480949406621,54.7301369263453,65.0822669104205,61.2270834875416,67.4167310878599
153,"PI 238758 LSP AGL","XL","Yellow","Green","Green","Mottle1","Mottle",0.313,1.98,0.629,0.606,0.659,57.2,44.1,55.9,64.5982142857143,90.8503303648377,70.1536016949153,88.8107315176473,102.645467615012
154,"PI 244046 AGL","S","Red","Brown","Brown","Dotted;Spotted","Pattern",0.12,1.23,0.391,0.374,0.423,28.6,32.3,32.9,32.7288578901482,73.2503302391469,82.589025641317,84.2518510229582,83.7769399918469
155,"PI 250156 LSP AGL","S","Red","Brown","Brown","Dotted","Pattern",0.109,1.17,0.373,0.347,0.423,22.3,24,25.6,27.1260683760684,59.8440139269868,64.2037443758531,68.7197660979887,72.6807428950925
156,"PI 250158 LSP AGL","S","Red","Grey","Grey_Y","Dotted;Marbled","Pattern",0.08,1,0.32,0.296,0.367,23.8,22.9,21.8,23.7626628075253,74.342145617371,71.6371220020854,68.2827875675817,74.3357543509655
157,"PI 251248 LSP AGL","M","Red","Brown","Brown","Dotted;Spotted","Pattern",0.132,1.29,0.41,0.384,0.454,27.6,33,33.6,31.7980022197558,67.4596110912136,80.5860984113929,82.1547754815057,77.6402658648405
158,"PI 273664 LSP AGL",NA,"Red","Grey","Grey","Dotted","Pattern",0.132,1.29,0.41,NA,NA,21.8,22.8,28.6,27.8790697674419,NA,NA,NA,NA
159,"PI 280686 AGL","M","Red","Grey","Grey","Absent","Absent",0.185,1.53,0.486,0.453,0.528,30,38.3,34.3,36.9102990033223,61.7566331198536,78.8103438996824,70.5578186245245,75.981859796409
160,"PI 283604 LSP AGL","XL","Yellow","Green","Green","Absent","Absent",0.336,2.06,0.655,0.629,0.69,53.7,54.3,55.8,69.0576923076923,82.0942151207936,82.9589509632021,85.2700019343657,105.503179556821
161,"PI 289066 AGL","M","Yellow","Green","Green","Absent","Absent",0.143,1.34,0.426,0.403,0.463,32.2,32.5,24.8,40.0125313283208,75.5037866033569,76.2883624190623,58.1692699301029,93.8526927169371
162,"PI 289073 LSP AGL","M","Yellow","Dark Green","Dark Green","Marbled","Pattern",0.163,1.43,0.456,0.433,0.491,25.5,32.8,27.3,31.8814139110604,55.9174057649667,71.9571683521713,60.0135501355013,69.9835915120838
163,"PI 289079 LSP AGL","L","Yellow","Dark Green","Dark Green","Marbled","Pattern",0.198,1.57,0.501,0.473,0.54,27.3,28.4,29.8,33.5398230088496,54.3850122844141,56.5673524348464,59.3786023963679,66.8864185862278
164,"PI 290716 LSP AGL","M","Red","Grey","Grey","Dotted;Marbled","Pattern",0.129,1.27,0.405,0.378,0.454,20.6,30.4,34.7,33.9245283018868,50.7909762170516,75.123355263158,85.6911401638425,83.6953823237339
165,"PI 297285 LSP AGL","L","Yellow","Green","Green","Absent","Absent",0.231,1.7,0.543,0.527,0.566,41.9,40.6,44.3,51.2481857764877,77.1651940274726,74.9024981934085,81.5669786459619,94.4570288733132
166,"PI 297287 AGL","XL","Yellow","Green","Green","Absent","Absent",0.322,2.01,0.64,0.61,0.676,58.3,61.1,65.9,65.1449275362319,91.1278337914907,95.428801542821,102.946091570304,101.80662403648
167,"PI 297754 LSP AGL","M","Yellow","Green","Green","Mottle1","Mottle",0.147,1.36,0.433,0.419,0.457,29.7,27.3,23.4,29.8201798201798,68.672616207676,63.2126348228043,54.1399832545088,68.9218331745296
168,"PI 297767 AGL","XL","Yellow","Green","Green","Absent","Absent",0.339,2.06,0.657,0.635,0.686,74.2,62.7,63.7,69.3835616438356,112.982728656895,95.4660801894772,97.0155729528231,105.642370968452
169,"PI 297772 LSP AGL","S","Red","Grey","Grey","Dotted","Pattern",0.12,1.23,0.391,0.365,0.45,28.5,29.5,29.8,37.8145695364238,72.8870722905087,75.4238893625083,76.1579994316567,96.71245405735
170,"PI 297783 AGL","M","Red","Brown","Brown","Dotted;Spotted","Pattern",0.154,1.39,0.442,0.41,0.485,27.6,29.4,28.3,31.1379800853485,62.4178576872845,66.403665113405,63.9979930737455,70.4302138145606
171,"PI 297787 LSP AGL","S","Red","Tan","Tan","Dotted","Pattern",0.124,1.25,0.397,0.369,0.448,23.2,27,22.3,29.0264650283554,58.3000594681846,68.0716771862042,56.0712944365519,73.0531837961965
172,"PI 298023 LSP AGL","XL","Yellow","Green","Green","Absent","Absent",0.326,2.02,0.644,0.628,0.668,NA,50.7,64,65.9049360146252,NA,78.801707018211,99.4095166614332,102.336857165567
173,"PI 298121 LSP AGL","M","Red/Yellow","Mixed","Mixed","Mixed","Pattern",0.128,1.27,0.404,0.381,0.445,30.2,26.7,41.1,43.768115942029,74.7411014866632,66.0527762506872,101.608978929779,108.277362143557
174,"PI 298122 LSP AGL","M","Yellow","Dark Green","Dark Green","Marbled","Pattern",0.162,1.42,0.453,0.429,0.488,26.3,26.9,31,34.6125907990315,57.9937289123469,59.3527825447414,68.2918283561396,76.3700213756517
175,"PI 298357 LSP AGL","M","Red","Brown","Brown","Absent","Mottle",0.132,1.29,0.409,0.39,0.445,27,26.8,24.1,30.2062868369352,66.0029521490275,65.543815047271,58.9046284372396,73.7938603508189
176,"PI 298631 LSP AGL","XL","Yellow","Green","Green","Mottle1","Mottle",0.303,1.95,0.621,0.608,0.638,67,53.1,63.9,69.7959183673469,107.966849908379,85.5475040257649,102.830837294114,112.392783200237
177,"PI 298644 LSP AGL","XL","Yellow","Green","Green","Mottle1","Mottle",0.326,2.02,0.644,0.626,0.666,66.5,60.4,65.2,68.9804772234273,103.344605276556,93.8050043140639,101.282399801435,107.131025886255
178,"PI 298645 AGL","L","Yellow","Green","Green","Mottle1","Mottle",0.248,1.76,0.561,0.532,0.598,39.9,42.2,45.3,55.2370689655172,71.160956803645,75.2792079207921,80.7592752372735,98.4423011266644
179,"PI 298921 AGL","XL","Yellow","Green","Green","Mottle1","Mottle",0.288,1.9,0.606,0.591,0.628,60.5,54.7,55.7,68.6642599277978,99.8584819157881,90.3631028791491,91.9487454113661,113.328138520114
180,"PI 298922 LSP AGL","S","Red","Grey","Grey","Mottle1","Mottle",0.118,1.22,0.387,0.371,0.425,21.3,26.8,23.5,31.1921965317919,54.9385004755534,69.0817790530847,60.7836739394347,80.5537356631642
181,"PI 298923 LSP AGL","M","Yellow","Green","Green","Absent","Absent",0.165,1.44,0.457,0.434,0.496,NA,58,62.3,65.7244655581948,NA,126.858299400043,136.14424257401,143.712388246782
182,"PI 299116 LSP AGL","S","Yellow","Dark Green","Dark Green","Marbled","Pattern",0.123,1.24,0.395,0.374,0.433,25.8,27.4,25.7,30.9385382059801,65.4487748994669,69.3243243243243,65.2324227279343,78.3915664002873
183,"PI 299120 LSP AGL","S","Yellow","Green","Green","Mottle1","Mottle",0.111,1.17,0.374,0.358,0.403,29.1,32.5,35.3,38.3379501385042,77.8012723465386,87.1356335514574,94.476802229282,102.629848675353
184,"PI 299121 LSP AGL","L","Yellow","Green","Green","Mottle1","Mottle",0.212,1.63,0.519,0.497,0.554,32.9,37.3,31.3,39.0142517814727,63.3200806424364,71.8794900797897,60.2691913191703,75.1397958556076
185,"PI 299126 LSP AGL","M","Red/Yellow","Green","Green_P","Mottle1","Mottle",0.151,1.38,0.439,0.421,0.466,33.6,29.7,28,36.7256637168142,76.5682108979792,67.7673390439347,63.7209824719038,83.721117895473
186,"PI 299163 LSP AGL","XL","Yellow","Green","Green","Mottle1","Mottle",0.337,2.06,0.655,0.635,0.684,63.1,54.6,58.7,71.0364683301344,96.4561189128635,83.4092638454533,89.7360061596824,108.526262938586
187,"PI 299164 LSP AGL","L","Yellow","Green","Green","Mottle1","Mottle",0.283,1.88,0.599,0.574,0.633,52.9,56.4,57.1,63.8049713193117,88.2940170779372,94.1879866518354,95.2337507851346,106.459907651799
188,"PI 299165 AGL","XL","Yellow","Green","Green","Absent","Absent",0.294,1.92,0.611,0.593,0.634,54.8,49.6,53.7,59.8257839721254,89.5952457436556,81.0818181818182,87.8956228956229,97.8967374089326
189,"PI 299177 LSP AGL","XL","Yellow","Green","Green","Mottle1","Mottle",0.303,1.95,0.621,0.595,0.655,48.4,48.9,57.2,60.9911894273128,77.9423388942048,78.7722436682045,92.1371026318957,98.1969060547075
190,"PI 299237 LSP AGL","M","Red","Green","Green_P","Mottle0","Mottle",0.169,1.45,0.463,0.412,0.532,34.9,40.4,41.1,46.40625,75.3606624991647,87.2112058353996,88.777258476206,100.277611044418
191,"PI 299289 AGL","M","Red","Grey","Grey","Absent","Absent",0.172,1.47,0.467,0.44,0.511,42.6,32.6,35.6,45.8656036446469,91.3053163437812,69.8914199361952,76.1705505411842,98.189922169796
192,"PI 299312 AGL","XL","Yellow","Green","Green","Mottle1","Mottle",0.354,2.11,0.671,0.657,0.692,70.2,57,65.8,69.718574108818,104.737866322421,85.0702592838981,98.1310756330191,103.971361554161
193,"PI 299345 AGL","XL","Yellow","Green","Green","Absent","Absent",0.353,2.1,0.67,0.654,0.694,63.4,52.9,59.6,64.4856661045531,94.6647641151952,78.8544429708223,88.8723041306202,96.2153506201887
194,"PI 299351 LSP AGL","S","Red","Grey","Grey_R","Absent","Absent",0.107,1.16,0.369,0.356,0.402,27.7,30.9,25.6,34.7083333333333,74.9582161438443,83.7392589349242,69.2630171942402,94.032209512342
195,"PI 299366 LSP AGL","L","Yellow","Grey","Grey","Absent","Absent",0.249,1.76,0.562,0.536,0.596,42.4,45.1,56.4,61.9646017699115,75.417803579122,80.2649792367016,100.458083631722,110.279101429544
196,"PI 299375 LSP AGL","XL","Yellow","Green","Green","Absent","Absent",0.322,2.01,0.64,0.624,0.663,70.2,64.2,66.5,66.5055762081784,109.700281717427,100.229855947141,103.913374996027,103.878893764944
197,"PI 300250 LSP AGL","S","Red","Grey","Grey","Dotted","Pattern",0.116,1.21,0.385,0.357,0.437,26.1,28.8,30.7,37.9270833333333,67.753149482603,74.7722085900097,79.7430332847115,98.5972703639514
198,"PI 302398 LSP AGL","M","Yellow","Green","Green","Absent","Absent",0.174,1.48,0.471,0.452,0.504,53.6,53.7,49.4,62.8275862068965,113.697926396413,113.879716981132,104.944346409665,133.360442420299
199,"PI 308614 LSP AGL","S","Red","Grey","Grey","Dotted","Pattern",0.121,1.23,0.392,0.374,0.425,28.7,34.5,33.9,38.6571879936809,73.2984293193716,87.9740980573542,86.5225854084166,98.6992033881213
200,"PI 311107 LSP AGL","L","Yellow","Green","Green","Absent","Absent",0.224,1.68,0.534,0.517,0.558,40.2,35.4,38.9,55.6507936507937,75.1967017971721,66.2321448838303,72.9020832585466,104.214969383509
201,"PI 312175 LSP AGL","M","Yellow","Green","Green","Mottle0","Mottle",0.166,1.44,0.459,0.446,0.482,23,27,28,33.6285097192225,50.1061535840857,58.9181994191675,61.036949338904,73.2469960002425
202,"PI 320935 LSP AGL","M","Red","Green","Green_P","Absent","Mottle",0.132,1.29,0.411,0.389,0.449,37.9,34.9,32.1,36.8652037617555,92.4290727276896,84.9380659935463,78.211319536691,89.7934597715288
203,"PI 320936 LSP AGL","M","Red","Brown","Brown","Marbled","Pattern",0.13,1.27,0.405,0.389,0.439,21.8,26.4,24.9,30.9012875536481,53.7856719660314,65.1436346100855,61.4208740176233,76.2367291619608
204,"PI 320937 LSP AGL","M","Yellow","Black","Black","Marbled","Present",0.154,1.39,0.443,0.415,0.482,21.4,21.5,18.5,28.343253968254,48.396420789462,48.5205616850552,41.7952699798237,63.9642140707838
205,"CN 105866 AGL","L","Red/Yellow","Grey","Grey","Mottle1","Mottle",0.252,1.78,0.566,0.535,0.609,NA,46.9,53,62.2551928783383,NA,82.8122118774853,93.5680379780831,109.905205159875
206,"PI 320941 LSP AGL","M","Yellow","Brown","Brown","Marbled","Pattern",0.145,1.35,0.429,0.396,0.476,24.5,27.6,26.3,31.5005138746146,57.2001280429248,64.2679646454394,61.3562259037159,73.4658266057349
207,"PI 320945 LSP AGL","M","Red","Green","Green_P","Dotted","Pattern",0.148,1.36,0.432,0.406,0.475,31.8,36,31.7,42.4720068906115,73.5081038500941,83.4173149622522,73.3592485592849,98.2895505311144
208,"PI 320946 LSP AGL","M","Yellow","Green","Green","Absent","Absent",0.169,1.46,0.464,0.446,0.497,31.9,37.8,42.7,44.1301627033792,68.7567911821476,81.4426506842074,91.9625366542155,95.0398335320443
209,"PI 320952 LSP AGL","S","Yellow","Black","Black","Marbled","Present",0.115,1.2,0.382,0.356,0.421,16.2,19.1,17,24.7619047619048,42.2837197706308,49.9211281126435,44.4163956256616,64.8217402144104
210,"PI 320953 LSP AGL","S","Red","Black","Black","Marbled","Present",0.125,1.25,0.399,0.381,0.429,20.3,19.8,20.5,25.5451263537906,50.9637072296317,49.7770966843131,51.3152016218138,64.0585503438605
211,"PI 320954 LSP AGL","L","Yellow","Dark Green","Dark Green","Marbled","Pattern",0.2,1.59,0.505,0.476,0.549,32,29.2,32.2,40.3921568627451,63.3448516641899,57.8882705788827,63.7269633444066,79.9844690351388
212,"PI 329157 LSP AGL","L","Yellow","Green","Green","Mottle1","Absent",0.197,1.57,0.501,0.485,0.529,35.7,29.6,43,51.6904276985743,71.2540869630576,58.9689578713969,85.7150339577841,103.151629553696
213,"PI 329167 LSP AGL","XL","Yellow","Green","Green","Absent","Absent",0.289,1.9,0.606,0.585,0.641,48.4,49.1,62.7,63.8031319910515,79.9101705647165,81.0458777558011,103.418211084036,105.266395585603
214,"PI 339266 LSP AGL","XL","Yellow","Green","Green","Absent","Absent",0.314,1.98,0.632,0.607,0.67,57.2,54.5,60,65.0735294117647,90.502359734277,86.1773875715832,94.9039764650261,102.946346406378
215,"PI 339283 LSP AGL","S","Red","Brown","Brown","Marbled","Pattern",0.121,1.23,0.392,0.356,0.462,28.8,35.8,31,42.5602027883397,73.442853562847,91.4301929625425,79.0609105898039,108.695183057621
216,"PI 339285 AGL","M","Red","Tan","Tan","Mottle1","Mottle",0.138,1.32,0.419,0.391,0.467,32.2,31,29.6,39.3333333333333,76.7153708330179,74.0041065118465,70.6155902869186,93.7996820349762
217,"PI 339289 LSP AGL","XL","Yellow","Grey","Grey_Y","Absent","Absent",0.288,1.9,0.605,0.582,0.649,NA,62.1,62.6,71.8693693693694,NA,102.72665592401,103.453733059722,118.85783247415
218,"PI 339292 LSP AGL","M","Red","Green","Green_P","Absent","Mottle",0.163,1.43,0.455,0.43,0.494,26.6,33.5,30.7,33.1345029239766,58.3832839439655,73.6083984375,67.4796616735537,72.8053042763158
219,"PI 339296 AGL","M","Red","Grey","Grey","Absent","Mottle",0.157,1.4,0.447,0.427,0.483,25.2,33.6,31.7,37.7245508982036,56.3356616732969,75.2678450341305,71.0288156307114,84.4159517861343
220,"PI 343026 LSP AGL","S","Red","Tan","Tan","Dotted","Pattern",0.104,1.14,0.364,0.35,0.391,22.3,23.5,23.1,30.647619047619,61.4067279708081,64.4925622017864,63.4706221445963,84.2481891962649
221,"PI 345627 LSP AGL","XL","Yellow","Green","Green","Spotted","Pattern",0.285,1.89,0.603,0.583,0.631,45.7,33.8,50.2,58.0237154150198,75.7882173523853,56.130728562947,83.3472978634269,96.2605417023369
222,"PI 358602 LSP AGL","S","Red","Grey","Grey","Mottle2","Mottle",0.11,1.18,0.374,0.355,0.412,22.5,21.3,20.1,25.5495772482706,60.2078207334974,56.8498986397157,53.7025228307087,68.2332923544318
223,"PI 368647 LSP AGL","M","Yellow","Green","Green","Mottle2","Mottle",0.127,1.26,0.402,0.387,0.429,25.3,23.5,25.6,27.1799628942486,63.0297299128593,58.5514004507235,63.6242142661443,67.6305407929879
224,"PI 368651 LSP AGL","S","Red","Grey","Grey","Mottle2","Mottle",0.107,1.16,0.368,0.356,0.398,22.1,20.2,21.5,25.4582210242588,60.1086300543151,54.9939649969825,58.3473927786688,69.1381983157299
225,"PI 370481 LSP AGL","XL","Yellow","Green","Green","Absent","Absent",0.303,1.95,0.62,0.604,0.643,64.7,65.3,54.4,64.4827586206897,104.258983378914,105.296909236474,87.6973558172853,103.929947633633
226,"PI 374116 LSP AGL","M","Yellow","Dark Green","Dark Green","Marbled","Pattern",0.159,1.41,0.449,0.426,0.484,27.5,31.1,30.6,38.0340264650284,61.2081267211058,69.1843624891612,68.150628266646,84.6245335439445
227,"PI 374117 LSP AGL","L","Yellow","Green","Green","Mottle1","Mottle",0.244,1.75,0.557,0.529,0.593,35.3,34.4,34.7,42.6582278481013,63.2460639518238,61.6204903328683,62.2702324292528,76.5246263968331
228,"PI 374118 AGL","M","Red","Brown","Brown","Spotted","Pattern",0.141,1.33,0.424,0.397,0.466,30.9,33.5,37.6,41.2892376681614,72.9994546696616,79.010524347293,88.7098018640823,97.4824603917766
229,"PI 374120 LSP AGL","L","Red/Yellow","Green","Green_P","Mottle0","Mottle",0.246,1.75,0.558,0.539,0.585,45.5,42.1,49.4,53.5649546827795,81.4320665618632,75.3623059531776,88.4414270614778,95.9181440797882
230,"PI 374121 AGL","L","Yellow","Green","Green","Absent","Absent",0.244,1.75,0.557,0.54,0.584,50.2,52.9,55.3,59.1067538126362,90.0811994599966,94.8076539764801,99.1523556749159,106.031649255277
231,"PI 379368 LSP AGL","M","Yellow","Green","Green","Absent","Absent",0.137,1.31,0.418,0.406,0.437,51.1,50.2,56.7,63.1578947368421,122.497293130976,120.127217284883,135.886638094165,151.256267331447
232,"PI 383682 LSP AGL","S","Red","Grey","Grey","Absent","Absent",0.117,1.21,0.386,0.369,0.416,20,22.6,20,29.8729792147806,51.8619859890163,58.6387588251699,51.8134715025907,77.3911378621259
233,"PI 420818 AGL","XL","Yellow","Green","Green","Absent","Absent",0.295,1.92,0.613,0.591,0.643,54,57.8,55.5,70.8367346938775,88.1612933669695,94.3307180970031,90.5685376067634,115.641322736241
234,"PI 420924 LSP AGL","L","Yellow","Green","Green","Mottle1","Mottle",0.249,1.77,0.563,0.544,0.591,56.5,50.4,55.3,65.1449275362319,100.239765953235,89.3786982248521,98.1405588859991,115.641883200412
235,"PI 420925 LSP AGL","M","Red","Brown","Brown","Dotted","Pattern",0.129,1.27,0.405,0.38,0.457,22.6,29.2,32.6,36.1868686868687,55.8790437944516,72.3015655039823,80.4857952452086,89.4484532221417
236,"PI 420929 LSP AGL","M","Red","Tan","Tan","Spotted","Pattern",0.157,1.4,0.446,0.429,0.479,29.8,33.6,30.9,39.523178807947,66.7713103351394,75.3586697534515,69.3550835383124,88.6611688114464
237,"PI 426202 LSP AGL","M","Red","Brown","Brown","Marbled","Pattern",0.139,1.32,0.42,0.401,0.45,22.9,25.8,22.9,30.3174603174603,54.5075456711675,61.3932626267345,54.5279165608359,72.2417640606679
238,"PI 426778 LSP AGL","S","Yellow","Green","Green","Mottle0","Mottle",0.122,1.24,0.395,0.38,0.419,23.9,24.3,23.6,26.9330855018587,60.5944022314129,61.5709459459459,59.7930566549813,68.2426152918717
239,"PI 426784 LSP AGL","S","Red","Grey","Grey","Dotted","Pattern",0.081,1.01,0.321,0.292,0.372,24.1,23.6,23.4,24.281045751634,74.9428402066221,73.4439834024897,72.8447480551134,75.5634203889025
240,"PI 426797 LSP AGL","S","Red","Grey","Grey","Dotted;Marbled","Pattern",0.094,1.09,0.346,0.325,0.381,23,22.8,23.7,24.2836468885673,66.4151920485374,65.9114211108474,68.3535126699841,70.0939134051013
241,"PI 426807 LSP AGL","S","Red","Grey","Grey","Mottle1","Mottle",0.116,1.2,0.384,0.354,0.432,22.8,23.8,21.3,24.1708043694141,59.4127858641291,61.9206257242178,55.5190572752855,63.0177402447064
242,"PI 431618 LSP AGL","L","Yellow","Green","Green","Mottle0","Absent",0.224,1.68,0.533,0.509,0.579,51.5,61.5,55.9,58.8577154308617,96.5966112431812,115.240119405918,104.84440909714,110.335229926631
243,"PI 431622 LSP AGL","M","Yellow","Grey","Grey_Y","Mottle0","Mottle",0.152,1.38,0.439,0.415,0.486,36.7,31.7,37.4,39.7293640054127,83.5961166901224,72.0724246848251,85.2104422933182,90.4081608214197
244,"PI 431630 LSP AGL","S","Red","Tan","Tan","Mottle1","Mottle",0.118,1.22,0.388,0.359,0.444,28.6,25.5,24.2,27.9039301310044,73.7573894434016,65.7269620657034,62.4604555520404,71.9998197187612
245,"PI 431633 LSP AGL","XL","Yellow","Green","Green","Mottle0","Mottle",0.318,2,0.637,0.62,0.658,59.6,58.8,75.9,71.1682242990654,93.7017435506321,92.2975450890014,119.163350103022,111.802062958909
246,"PI 431636 LSP AGL","L","Yellow","Green","Green","Absent","Absent",0.282,1.88,0.599,0.582,0.63,53.5,47.2,61.5,61.5192307692308,89.3549992408779,78.9107441083689,102.745882533978,102.741339195227
247,"PI 431643 LSP AGL","M","Yellow","Green","Green","Mottle0","Mottle",0.148,1.36,0.433,0.412,0.469,23.4,25.9,29.3,30.5394736842105,54.0581220058842,59.8435738680823,67.7075413083999,70.4576424398603
248,"PI 431662 LSP AGL","S","Red","Grey","Grey","Mottle1","Mottle",0.112,1.19,0.378,0.355,0.416,27.3,28.8,27.1,32.4047306176084,72.0509055310818,75.9911894273128,71.5812717902358,85.6512703549122
249,"PI 431663 LSP AGL","M","Yellow","Grey","Grey_Y","Mottle0","Mottle",0.136,1.31,0.416,0.385,0.468,37.7,33.8,32.3,36.7042253521127,90.5857730135816,81.4044320190766,77.704230563664,88.2784682439909
250,"PI 431679 LSP AGL","M","Red","Grey","Grey_R","Mottle0","Mottle",0.133,1.29,0.412,0.377,0.464,22,26.4,24.3,30.9638554216867,53.5221104091933,64.0620056944005,59.1254034895676,75.1955474352889
251,"PI 431684 LSP AGL","S","Red","Green","Green_P","Mottle1","Mottle",0.108,1.16,0.37,0.361,0.393,24.5,24.6,25.6,31.2709030100334,66.397383143439,66.4311485267588,69.3839270709868,84.6175968401385
252,"PI 431705 LSP AGL","M","Yellow","Green","Green","Mottle0","Mottle",0.162,1.43,0.454,0.436,0.49,33.1,32,36.3,39.1747572815534,72.9447027159286,70.4673354538782,79.8918172603027,86.2668988338587
253,"PI 431710 LSP AGL","M","Yellow","Green","Green","Mottle1","Mottle",0.151,1.38,0.439,0.417,0.474,30.7,26.4,33.2,37.8398058252427,69.9425100336262,60.1366742596811,75.5620359261263,86.1954574606896
254,"PI 431714 LSP AGL","M","Yellow","Green","Green","Mottle1","Mottle",0.154,1.39,0.442,0.427,0.476,30.7,35.6,30.6,33.3516483516484,69.4093910019462,80.521921357524,69.0681225718058,75.3993557309308
255,"PI 431717 LSP AGL","M","Yellow","Green","Green","Mottle1","Mottle",0.147,1.36,0.433,0.409,0.474,29.3,31,29.5,33.1616341030195,67.760501483481,71.4652202594737,68.0955925393304,76.5661126031749
256,"PI 431728 LSP AGL","M","Yellow","Green","Green","Absent","Absent",0.159,1.41,0.45,0.43,0.483,27.3,29.5,27.7,32.129246064623,60.5720460356865,65.5393729943224,61.6132855708043,71.3806997239219
257,"PI 431731 LSP AGL","M","Yellow","Green","Green","Mottle0","Mottle",0.149,1.37,0.435,0.412,0.473,28.2,30.4,29.4,33.557703025034,64.8588327195626,70,67.520734461727,77.1441448851356
258,"PI 431739 LSP AGL","M","Yellow","Green","Green","Dotted","Pattern",0.141,1.33,0.424,0.404,0.461,28.2,30.1,29.3,34.665532372168,66.4172630665799,71.0965272080941,69.19789847396,81.7583310664339
259,"PI 431753 LSP AGL","M","Yellow","Green","Green","Mottle1","Mottle",0.172,1.47,0.468,0.448,0.503,29.8,41.8,31.8,36.3513262500929,63.6521205082337,89.2950391644909,67.8782479573525,77.6553373488811
260,"PI 431756 LSP AGL","M","Yellow","Green","Green","Mottle1","Mottle",0.149,1.37,0.435,0.415,0.476,27.1,33.2,34.3,34.5722300140252,62.3073499596156,76.3413387838528,78.9447434919257,79.4966965064454
261,"PI 431809 LSP AGL","L","Yellow","Green","Green","Mottle0","Mottle",0.198,1.58,0.502,0.487,0.532,36.9,38.2,38,38.5902503293808,73.4248180068614,75.94728622702,75.7086863783627,76.8050095012002
262,"PI 431824 LSP AGL","M","Yellow","Green","Green","Absent","Absent",0.165,1.44,0.458,0.435,0.496,29.8,30.4,32.6,36.6551187782805,65.2092454381915,66.5138597318024,71.3155772280567,80.0913010450412
263,"PI 431863 LSP AGL","M","Yellow","Green","Green","Absent","Absent",0.181,1.51,0.48,0.456,0.514,35.9,34.7,38.3,35.8435941512277,74.7549019607843,72.2323600973236,79.7609768771109,74.6741544817244
264,"PI 431873 LSP AGL","M","Red","Green","Green_P","Mottle0","Absent",0.181,1.51,0.48,0.444,0.532,26.7,33.6,27.8,35.1317863828949,55.6611360136745,70.0114507617245,58.0588952226185,73.2590540885203
265,"PI 431884 LSP AGL","M","Yellow","Green","Green","Absent","Mottle",0.172,1.47,0.468,0.445,0.509,31.6,32.3,34.5,43.2482102322333,67.5003216215443,69.0670499860892,73.7396416008731,92.4985485004988
266,"PI 431888 LSP AGL","S","Yellow","Grey","Grey_Y","Mottle1","Mottle",0.102,1.13,0.36,0.346,0.39,26.6,26.6,24.4,28.3024691358025,73.7811865740677,73.8788285833767,67.6769251965584,78.5452427450578
267,"PI 431923 LSP AGL","S","Red","Green","Green_P","Mottle1","Mottle",0.097,1.1,0.351,0.333,0.394,23.5,26.9,26.8,27.2132421104858,67.0256739620902,76.6283524904214,76.3176051479182,77.5306043033785
268,"PI 431980 LSP AGL","L","Yellow","Green","Green","Absent","Absent",0.243,1.75,0.556,0.527,0.6,41.3,47.7,44.5,54.3432835820895,74.3229142122377,85.6550828839625,79.9724914869663,97.6811568282018
269,"PI 432000 LSP AGL","S","Red","Tan","Tan","Mottle1","Mottle",0.099,1.11,0.354,0.325,0.418,27.5,27.5,25,27.6892430278884,77.6713920093841,77.6312620748343,70.4920159119066,78.1936577505479
270,"PI 432001 LSP AGL","M","Yellow","Green","Green","Absent","Absent",0.186,1.53,0.487,0.467,0.523,39.9,32.6,41.8,42.431654676259,81.9551442168643,66.8890956337621,85.8640892109136,87.1883315265595
271,"PI 432002 LSP AGL","S","Red","Grey","Grey_R","Absent","Absent",0.123,1.24,0.396,0.376,0.438,29.3,30.6,27,34.7419559122799,74.0294392062565,77.2855517969777,68.2025765778335,87.7568350296153
272,"PI 432005 LSP AGL","M","Yellow","Grey","Grey_Y","Absent","Absent",0.189,1.54,0.49,0.461,0.537,44.4,44.2,40.3,44.2643391521197,90.5372294769472,90.2873493029991,82.3302629073515,90.3558748852522
273,"PI 432028 LSP AGL","M","Yellow","Grey","Grey_Y","Mottle0","Absent",0.144,1.34,0.427,0.397,0.48,39.1,32,32.6,36.9899858604342,91.4563028702426,74.9863883620913,76.2044564289533,86.5825416759188
274,"PI 432033 LSP AGL","S","Yellow","Grey","Grey_Y","Mottle0","Absent",0.124,1.24,0.396,0.372,0.44,38.2,29.2,32,35.1046823240407,96.5726628655782,73.8178330064127,80.763995098918,88.6730678968189
275,"PI 432085 LSP AGL","L","Yellow","Green","Green","Absent","Absent",0.2,1.58,0.505,0.488,0.53,34.9,42.3,43,45.5829596412556,69.2329279060376,83.7572725484133,85.2222910651032,90.3229054978644
276,"PI 432106 LSP AGL","XL","Yellow","Green","Green","Absent","Absent",0.322,2.01,0.64,0.614,0.673,48.2,60.3,63.2,56.1498257839721,75.3098722441805,94.1941129596042,98.6383602872131,87.7036501311609
277,"PI 432124 LSP AGL","S","Red","Green","Green_P","Mottle1","Mottle",0.109,1.17,0.371,0.35,0.413,26.5,26.1,26.4,28.3995459704881,71.3794691423118,70.4085408472324,71.0472939609484,76.4799263119069
278,"PI 432145 LSP AGL","M","Yellow","Green","Green","Mottle1","Absent",0.128,1.27,0.404,0.389,0.44,30.9,32.3,27.3,33.2321899736148,76.3967400230578,79.7726295595763,67.4497761609606,82.1900823749748
279,"PI 432147 LSP AGL","M","Yellow","Green","Green","Mottle1","Mottle",0.143,1.34,0.428,0.39,0.495,32,31.7,32.4,35.9043602333291,74.8824170955318,74.1752485938532,75.8527849760076,83.9758945166221
280,"PI 432184 LSP AGL","M","Yellow","Green","Green","Mottle0","Absent",0.176,1.48,0.473,0.458,0.504,33.2,35.7,35.4,38.4604519774011,70.2249276222997,75.6252330866703,74.8356990667106,81.369080347111
281,"PI 432188 LSP AGL","L","Yellow","Green","Green","Mottle0","Mottle",0.197,1.57,0.502,0.48,0.535,38.1,39.5,38.4,41.9951670319369,76.0019108768994,78.6852426196688,76.517768705777,83.7298412245085
282,"PI 432190 LSP AGL","XL","Yellow","Green","Green","Mottle1","Mottle",0.287,1.9,0.604,0.579,0.635,42,42.2,47.2,49.8173515981735,69.516748741815,69.8242106416826,78.196872125115,82.4942344771962
283,"PI 432201 LSP AGL","M","Red","Green","Green","Mottle1","Mottle",0.134,1.3,0.413,0.392,0.448,23.2,26.6,28.6,29.3645546372819,56.134269339976,64.3193139273181,69.2710472455694,71.100616555162
284,"PI 432212 LSP AGL","M","Red","Brown","Brown","Marbled","Pattern",0.13,1.28,0.406,0.39,0.447,26.6,29.6,28.5,30.9530694577667,65.453022184211,72.9152755785338,70.1154874657746,76.1765450150126
285,"PI 432236 LSP AGL","S","Red","Brown","Brown","Marbled","Pattern",0.097,1.1,0.35,0.319,0.427,20.2,26.2,24.1,27.6419222069784,57.5467269152901,74.7436030249664,68.8102355101238,78.9268083321084
286,"PI 432245 LSP AGL","M","Yellow","Green","Green","Absent","Absent",0.194,1.56,0.496,0.467,0.544,58,57.6,48.8,56.5151515151515,116.899337105026,116.121923145309,98.2115511473402,113.83983071539
287,"PI 432271 LSP AGL","M","Red","Grey","Grey","Mottle1","Mottle",0.154,1.39,0.443,0.422,0.476,26.9,27,22.4,29.0473498752019,60.6783937957609,61.0091219147828,50.6769980220519,65.5860885290559
288,"PI 432286 LSP AGL","M","Red","Brown","Brown","Spotted","Pattern",0.149,1.37,0.436,0.41,0.491,26.8,28.2,26.7,37.595818815331,61.4835593891123,64.7253042885192,61.2075662331349,86.272914160627
289,"PI 451763 LSP AGL","L","Yellow","Green","Green","Mottle2","Mottle",0.279,1.87,0.595,0.563,0.635,50.8,47.1,52.6,56.1659513590844,85.2312411622258,79.0698653779271,88.3264873829608,94.3260985690913
290,"PI 458503 LSP AGL","M","Yellow","Green","Green","Mottle1","Mottle",0.159,1.41,0.449,0.429,0.483,34.5,28.2,30.2,35.3195673549656,76.8199856873334,62.7227716513379,67.1246585300916,78.5849459072165
291,"PI 468900 LSP AGL","M","Yellow","Green","Green","Mottle1","Mottle",0.169,1.45,0.463,0.453,0.485,40.6,40.4,34.9,39.7489504529624,87.7169823774009,87.1415543621441,75.343671392799,85.7891016970412
292,"PI 468901 AGL","M","Red","Green","Green_P","Mottle2","Mottle",0.133,1.29,0.411,0.385,0.454,29,27.6,24.7,32.8709990300679,70.5540127905412,67.0674305618898,60.0782743181664,79.9348801055421
293,"PI 468902 LSP AGL","M","Red/Yellow","Grey","Grey","Mottle2","Mottle",0.161,1.42,0.451,0.435,0.481,26.6,29.8,29.2,36.1036036036036,58.8697755572661,65.9754996590753,64.6430293131119,79.9735250879726
294,"PI 472136 LSP AGL","S","Red","Grey","Grey","Dotted","Pattern",0.091,1.07,0.341,0.314,0.387,24.2,25,24.2,23.9973262032086,71.1528520264601,73.361279176217,70.973800741588,70.4652319180674
295,"PI 472205 LSP AGL","M","Red","Grey","Grey","Dotted;Marbled","Pattern",0.144,1.34,0.428,0.405,0.468,30.8,33.9,36.3,38.0378657487091,71.9657857933742,79.251788958511,84.846527138528,88.8504520473351
296,"PI 472213 LSP AGL","S","Red","Green","Green_P","Absent","Absent",0.12,1.23,0.391,0.378,0.419,35.6,31.7,28.3,35.7048748353096,91.0616307623937,81.1003955764734,72.3941864631594,91.2390327989173
297,"PI 472327 LSP AGL","S","Red","Grey","Grey_Y","Mottle2","Mottle",0.086,1.04,0.33,0.315,0.365,23.2,22.7,21.1,24.027149321267,70.1386091888087,68.7760680775611,64.0084418942889,72.726899194149
298,"PI 472380 LSP AGL","S","Red","Grey","Grey","Dotted","Present",0.112,1.18,0.376,0.348,0.427,24.9,26.5,22.8,25.5354659248957,66.1769180319002,70.4341836168445,60.6150372736452,67.8533195524244
299,"PI 472416 LSP AGL","S","Red","Grey","Grey","Dotted;Marbled","Pattern",0.098,1.11,0.353,0.331,0.387,22.1,23.6,20.6,23.5422602089269,62.5989201469818,66.892943240001,58.4934583754404,66.7760295872492
300,"PI 472488 LSP AGL","S","Red","Black","Black","Marbled","Present",0.103,1.13,0.362,0.337,0.429,25.7,25.1,23.1,23.2708333333333,71.1627620782737,69.4148946590967,63.9676176633769,64.3729829414477
301,"PI 472559 LSP AGL","S","Red","Grey","Grey","Dotted;Marbled","Pattern",0.076,0.97,0.31,0.289,0.356,20.4,23.4,21.3,21.3628318584071,65.9100664974734,75.5241661531655,68.7820709423055,68.8568311310462
302,"PI 472561 LSP AGL","S","Red","Grey","Grey","Dotted;Marbled","Pattern",0.08,1,0.318,0.293,0.364,25,23.7,21.8,25.5442176870748,78.6817610170507,74.5007296066285,68.4788938978884,80.2716337931821
303,"PI 472569 LSP AGL","S","Red","Grey","Grey","Dotted;Marbled","Pattern",0.077,0.98,0.313,0.29,0.354,22.7,23.2,21.5,22.7707808564232,72.660843919313,74.0887147830647,68.6637711827636,72.8373637950361
304,"PI 472588 LSP AGL","M","Yellow","Green","Green","Dotted","Pattern",0.158,1.41,0.448,0.435,0.472,28.4,27.8,31.6,39.5194541231127,63.5087116438918,62.1308454979526,70.4618649360209,88.2349509074705
305,"PI 472590 LSP AGL","M","Yellow","Grey","Grey_Y","Absent","Absent",0.187,1.53,0.488,0.458,0.539,49.7,45.5,38.1,45.1387347391787,101.776657841855,93.2062015029309,77.9749885766361,92.4342690904684
306,"PI 472615 LSP AGL","M","Yellow","Green","Green","Absent","Absent",0.192,1.55,0.494,0.474,0.534,45.7,47.7,51.2,55.4115853658537,92.523345389158,96.5842355798957,103.548550236008,112.09356446228
307,"PI 472629 LSP AGL","S","Yellow","Green","Green","Absent","Absent",0.106,1.15,0.367,0.345,0.406,NA,37.1,33.1,35.8556461001164,NA,100.982775742218,90.0680938648717,97.610651815199
308,"PI 477921 LSP AGL","L","Red/Yellow","Green","Green","Absent","Absent",0.28,1.87,0.597,0.581,0.621,51.7,53.2,53,57.910447761194,86.5958045512722,89.1793822106439,88.7377854507802,96.9843747396253
309,"PI 490288 LSP AGL","M","Yellow","Dark Green","Dark Green","Marbled","Pattern",0.145,1.34,0.428,0.404,0.464,26.6,29.5,27.4,33.3926981300089,62.0913340925925,68.7781426840988,64.0383070228896,77.9393887889213
310,"PI 490289 LSP AGL","L","Yellow","Dark Green","Dark Green","Marbled","Pattern",0.206,1.61,0.512,0.489,0.541,41.8,39,44.8,48.5333333333333,81.7577984629116,76.3089381580139,87.6536196404268,94.8534201954397
311,"PI 508090 AGL","L","Yellow","Green","Green","Mottle1","Mottle",0.278,1.87,0.595,0.571,0.626,56,55.5,59,61.7441860465116,94.1820814648729,93.3854246555566,99.2980919418164,103.82990927104
312,"PI 518733 LSP AGL","M","Red","Green","Green_P","Mottle1","Mottle",0.178,1.5,0.476,0.452,0.517,34.5,28.6,27.4,35.9572400388727,72.448546302701,60.0917385649468,57.6310785630165,75.5051704036058
313,"PI 518734 LSP AGL","M","Red","Green","Green_P","Mottle1","Absent",0.143,1.34,0.426,0.4,0.465,26.2,27.8,25.4,31.6514522821577,61.4882506527414,65.3966601073482,59.6733409658103,74.3767808196916
314,"PI 533688 LSP AGL","M","Yellow","Green","Green","Absent","Absent",0.158,1.41,0.449,0.432,0.475,61.3,60.2,66.4,69.9277108433735,136.605473805301,134.143080438984,148.093115403665,155.856710646449
315,"PI 533693 LSP AGL","M","Yellow","Dark Green","Dark Green","Marbled","Pattern",0.173,1.47,0.47,0.444,0.506,27.6,32.5,28.5,33.2950631458094,58.7223070675151,69.2775197394633,60.5933307454654,70.9076120000673
316,"PI 612875 AGL","S","Red","Grey","Grey_R","Dotted","Pattern",0.105,1.15,0.365,0.344,0.401,24.8,29,28.6,29.7913188647746,67.9753330508874,79.5236102773078,78.4595440395683,81.620051684314
317,"PI 643451 AGL","S","Red","Grey","Grey_R","Dotted;Marbled","Pattern",0.108,1.16,0.369,0.35,0.413,29.9,30.3,26,28.7254901960784,81.0931857508276,82.0102317183269,70.321912519558,77.800003540387
318,"PI 643452 AGL","M","Red","Grey","Grey_R","Dotted;Marbled","Pattern",0.141,1.33,0.422,0.407,0.452,31.3,27,25.2,28.5586392121755,74.1125285033676,63.8685885607614,59.646468021973,67.6210873216468
319,"Shasta AGL","L","Yellow","Green","Green","Absent","Absent",0.238,1.73,0.551,0.534,0.574,46.1,50,73.1,56.927374301676,83.7354371158609,90.8859051463168,132.772040878923,103.399872596384
320,"W6 27754 LSP AGL","M","Yellow","Green","Green","Absent","Absent",0.175,1.48,0.472,0.457,0.497,33.2,33.6,32.3,39.4712853236098,70.4048892284187,71.1478862644802,68.3812010443865,83.5862512735268
321,"W6 27760 LSP AGL","M","Red","Brown","Brown","Absent","Absent",0.154,1.39,0.443,0.415,0.492,34.7,34.8,32.7,37.0200573065903,78.2812718053681,78.5844801004967,73.7994713898328,83.6296475299478
322,"W6 27763 LSP AGL","M","Red","Tan","Tan","Absent","Absent",0.132,1.29,0.41,0.389,0.453,24.5,34.2,29.6,34.2127659574468,59.6937115393113,83.4854501165241,72.2202344882643,83.4231627247416
323,"W6 27766 LSP AGL","M","Red","Grey","Grey","Dotted","Pattern",0.147,1.36,0.433,0.414,0.468,31.8,36.9,30.1,36.4832793959008,73.4699071728366,85.2435863995072,69.6493388967603,84.343569114592
324,"W6 27767 LSP AGL","S","Red","Grey","Grey","Dotted","Pattern",0.117,1.21,0.385,0.367,0.425,29,32.2,31.1,35.9785522788204,75.2197430696417,83.6333580824567,80.8262236192187,93.3699453602606
